<?xml version="2.1" encoding="UTF-8" standalone="yes"?>
<addon id="script.pvr.stalker.Train_Again" name="[COLORorange]Pach API Stalker[/COLOR]" version="2.3" provider-name="[COLORorange]GRUPO TRAIN_AGAIN[/COLOR] - Train_Again, adm:Cleber,Sepol">
   <requires>
	<import addon="script.module.six" />
	<import addon="pvr.stalker" />
  </requires>
  <extension point="xbmc.python.pluginsource" library="main.py">
    <provides>executable</provides>
  </extension>  
  <extension point="xbmc.addon.metadata">
	<summary lang="en"></summary>
    <summary lang="pt"></summary>
    <description lang="en"></description>
	<description lang="pt"></description>
     <disclaimer lang="en"></disclaimer>
	 <disclaimer lang="pt"></disclaimer>
    <platform>all</platform>
    <description>
        Addon sem fins lucrativos
        Todo conteúdo encontra-se disponivel na internet, apenas agregamos os links
    </description>
	<assets>
     <icon>icon.png</icon>
     <fanart>fanart.jpg</fanart>
    </assets>
  </extension>
</addon>
