<?xml version="1.0" encoding="UTF-8" standalone="yes"?>
<addon id="script.kcleaner.milhano" name="KCleaner mod milhano" version="0.0.1" provider-name="MOD MILHANO"> 
  <requires>
    <import addon="xbmc.python" version="2.1.0"/> <!-- Be able to use python in the addon -->
  </requires>
  <extension point="xbmc.python.pluginsource" library="default.py">
        <provides>executable</provides>
  </extension>
  <extension point="xbmc.service" library="service.py" start="startup"> <!-- Extend KODI with a service. Start the addon when starting KODI, and run "default.py" -->
        <provides>executable</provides>
  </extension>
  <extension point="xbmc.addon.metadata"> <!-- Additional addon information -->
    <platform>all</platform>
    <website>http://milhano.pt</website>
    <summary lang="en">Clean up temporary files in Kodi.</summary>
    <license>GNU GENERAL PUBLIC LICENSE. Version 2, June 1991</license>
    <forum>https://t.me/team_milhano_chat</forum>
    <email>j2mf42@gmail.com</email>
    <description lang="en">Clean up temporary files in Kodi.</description>
    <news>v1.0.0</news>
    <assets>
        <icon>icon.png</icon>
        <fanart>fanart.jpg</fanart>
        <screenshot>resources/screenshot-01.jpg</screenshot>
        <screenshot>resources/screenshot-02.jpg</screenshot>
        <screenshot>resources/screenshot-03.jpg</screenshot>
        <banner>resources/banner.jpg</banner>
        <logo>resources/logo.png</logo>
    </assets>
  </extension>
</addon>
