<?xml version="1.0" encoding="UTF-8" standalone="yes"?>
<addon id="plugin.video.topeleven" name="[COLOR limegreen][B]TOP ELEVEN PORTAL[/B][/COLOR]" version="11.11+nexus" provider-name="[COLOR black]TIPS TEAM[/COLOR]">
    <requires>
		<import addon="xbmc.python" version="3.0.0"/>
		<import addon="script.module.requests" version="2.25.1+matrix.1"/>
	</requires>
	<extension point="xbmc.python.pluginsource" library="addon.py">
		<provides>video</provides>
	</extension>
	<extension point="xbmc.addon.metadata">
		<platform>all</platform>
		<summary lang="en">[COLOR silver]LIVE-TV, VOD, SERIES [/COLOR][COLOR lime] Matrix Nexus[/COLOR]</summary>
		<description>Addon exclusivo para adicionar conteúdo próprio</description>
		<license></license>
		<language></language>
		<forum></forum>
		<assets>
            <icon>icon.gif</icon>
            <fanart>fanart.jpg</fanart>
        </assets>


	</extension>
</addon>
