<?xml version="1.0" encoding="UTF-8" standalone="yes"?>
<addon 	id="repo.kuala" 	
		name="Kuala Repositorio"
		version="0.0.6" 
		provider-name="akuala"> 
    
	
	<requires>
    <import addon="xbmc.python" version="2.1.0"/>
    <import addon="script.module.t0mm0.common"/>
    <import addon="script.module.beautifulsoup"/>
    <import addon="script.module.beautifulsoup4"/>
    <import addon="script.module.simple.downloader"/>
    <import addon="script.module.requests"/>
    <import addon="script.module.httplib2"/>
    <import addon="script.module.urlresolver"/>
    <import addon="script.module.simplejson"/>
    <import addon="script.common.plugin.cache"/>
    <import addon="script.module.metahandler"/>
	</requires>
	
	<extension point="xbmc.addon.repository" name="repository kuala">            
        <info compressed="true">https://raw.githubusercontent.com/akuala/repo.kuala/master/addons.xml</info>
        <checksum>https://raw.githubusercontent.com/akuala/repo.kuala/master/addons.xml.md5</checksum>
		<datadir zip="true">https://raw.githubusercontent.com/akuala/repo.kuala/master</datadir>
	</extension>
	
	<extension point="xbmc.addon.metadata">
        <description>O AUTOR NAO E RESPONSAVEL POR QUALQUER CONTEUDOS ENCONTRADO NESSE ADDON</description>
		<disclaimer lang="en">O AUTOR NAO E DE FORMA ALGUMA FILIADO O KODI OU TEAM KODI, ESSES CONTEUDOS OU RECURSOS SEM FIM LUCRATIVOS ORGANIZADO EXCLUSIVAMENTE PARA FINS EDUCA CIONAIS E PROTEGIDO PELA DOUTRINA DE USO DA LEI DE DIREITOS AUTORAIS ESPECIFICAMENTE A SECAO 107 QUE PROMOVE A LIBERDADE DE EXPRESSAO PERMITIDO O USO DE OBRAS PROTEGIDAS POR DIREITOS AUTORAIS.</disclaimer>
		<platform>all</platform>
		<website/>
        <video_guide></video_guide>
        <reuselanguageinvoker>false</reuselanguageinvoker>
      <assets>
      	<icon>icon.png</icon>
    	<fanart>fanart.jpg</fanart>
        <screenshot>resources/screenshots/01.jpg</screenshot>
        <screenshot>resources/screenshots/02.jpg</screenshot>
        <screenshot>resources/screenshots/03.jpg</screenshot>
      </assets>
	</extension>
</addon>