<?xml version="0.1" encoding="UTF-8"?>
<addon
	id="plugin.video.train.mac.again" version="0.1" name="[COLORorange]TRAIN MAC AGAIN[/COLOR]" provider-name="[COLORorange]GRUPO:Train_Again[/COLOR]">
  <requires>    		
    	<!--<import addon="script.module.resolveurl" /> -->
        <import addon="script.module.requests"/>	
        <import addon="script.module.six"/>
        
        <import addon="script.module.web-pdb" />
	
  </requires>
	<extension point="xbmc.python.pluginsource" library="default.py">
		<provides>video</provides>
	</extension>
	
	<extension point="xbmc.addon.metadata">
        <platform>all</platform>
		<summary lang="pt"> @Train_Again</summary>
		<description lang="pt">Este addon fornece TV apenas para uso pessoal e privado (Addon sem fins lucrativos)...</description>
		<website>https://github.com/</website>
		<license>GPL 3.0</license>
		<platform>all</platform>
		<disclaimer lang="pt">[COLORorange]GRUPO: @Train_Again[/COLOR]</disclaimer>
	<assets>
        <icon>icon.gif</icon>  
        <fanart>fanart.png</fanart>
    </assets>        
		<language>pt</language>
	</extension>	
	
</addon>
